{
	"best_step": 999,
	"eval_AUROC-image": 1.0,
	"eval_AUROC-pixel": 0.9806594848632812,
	"eval_AUPRO-pixel": 0.9700957536697388,
	"_timestamp": 1669278924,
	"_runtime": 10269
}